COMMENT,ORIGINATOR,NORAD_CAT_ID,OBJECT_NAME,OBJECT_TYPE,CLASSIFICATION_TYPE,INTLDES,EPOCH,EPOCH_MICROSECONDS,MEAN_MOTION,ECCENTRICITY,INCLINATION,RA_OF_ASC_NODE,ARG_OF_PERICENTER,MEAN_ANOMALY,EPHEMERIS_TYPE,ELEMENT_SET_NO,REV_AT_EPOCH,BSTAR,MEAN_MOTION_DOT,MEAN_MOTION_DDOT,FILE,TLE_LINE0,TLE_LINE1,TLE_LINE2,OBJECT_ID,OBJECT_NUMBER,SEMIMAJOR_AXIS,PERIOD,APOGEE,PERIGEE,DECAYED
GENERATED VIA SPACETRACK.ORG API,18 SPCS,34602,GOCE,PAYLOAD,U,09013A,2013-10-21 2:53,428832,16.17152759,0.0006537,96.5529,323.3758,5.3716,70.7708,0,999,26958,-1.1624E-06,-0.00002377,1.9206E-06,1567159,0 GOCE,1 34602U 09013A   13294.12073413 -.00002377  19206-5 -11624-5 0  9991,2 34602 096.5529 323.3758 0006537 005.3716 070.7708 16.17152759269580,2009-013A,34602,6605.435,89.045,231.618,222.982,1
GENERATED VIA SPACETRACK.ORG API,18 SPCS,34602,GOCE,PAYLOAD,U,09013A,2013-10-21 12:58,850943,16.17373525,0.0007299,96.5511,323.7985,1.7144,358.4327,0,999,26965,0.00015897,0.00245585,1.9192E-06,1567240,0 GOCE,1 34602U 09013A   13294.54080846  .00245585  19192-5  15897-3 0  9991,2 34602 096.5511 323.7985 0007299 001.7144 358.4327 16.17373525269655,2009-013A,34602,6604.834,89.033,231.52,221.878,1
GENERATED VIA SPACETRACK.ORG API,18 SPCS,34602,GOCE,PAYLOAD,U,09013A,2013-10-21 13:36,319680,16.17363756,0.0006649,96.5556,323.8221,8.8644,144.7814,0,999,26966,-8.5826E-07,-0.00001935,1.9227E-06,1567314,0 GOCE,1 34602U 09013A   13294.56719120 -.00001935  19227-5 -85826-6 0  9999,2 34602 096.5556 323.8221 0006649 008.8644 144.7814 16.17363756269662,2009-013A,34602,6604.86,89.034,231.117,222.334,1
GENERATED VIA SPACETRACK.ORG API,18 SPCS,34602,GOCE,PAYLOAD,U,09013A,2013-10-21 17:26,449535,16.172611,0.0006175,96.554,323.9845,14.6125,345.4061,0,999,26968,0.000027311,0.00041281,1.9206E-06,1567426,0 GOCE,1 34602U 09013A   13294.72641724  .00041281  19206-5  27311-4 0  9997,2 34602 096.5540 323.9845 0006175 014.6125 345.4061 16.17261100269687,2009-013A,34602,6605.14,89.039,231.084,222.926,1
GENERATED VIA SPACETRACK.ORG API,18 SPCS,34602,GOCE,PAYLOAD,U,09013A,2013-10-21 17:53,626591,16.17457302,0.0005768,96.5521,324.0031,0.257,111.4927,0,999,26968,0.00020446,0.00317349,1.9193E-06,1567605,0 GOCE,1 34602U 09013A   13294.74559753  .00317349  19193-5  20446-3 0  9996,2 34602 096.5521 324.0031 0005768 000.2570 111.4927 16.17457302269680,2009-013A,34602,6604.606,89.029,230.28,222.661,1
GENERATED VIA SPACETRACK.ORG API,18 SPCS,34602,GOCE,PAYLOAD,U,09013A,2013-10-22 2:38,645183,16.17666145,0.0005571,96.5522,324.369,357.6069,75.2463,0,999,26974,0.00020895,0.0032926,1.9203E-06,1567768,0 GOCE,1 34602U 09013A   13295.11010006  .00329260  19203-5  20895-3 0  9996,2 34602 096.5522 324.3690 0005571 357.6069 075.2463 16.17666145269745,2009-013A,34602,6604.037,89.017,229.581,222.223,1
GENERATED VIA SPACETRACK.ORG API,18 SPCS,34602,GOCE,PAYLOAD,U,09013A,2013-10-22 11:48,744575,16.17867734,0.0005489,96.552,324.7531,355.6328,141.1864,0,999,26981,0.0002033,0.00325094,1.9212E-06,1567921,0 GOCE,1 34602U 09013A   13295.49223084  .00325094  19212-5  20330-3 0  9994,2 34602 096.5520 324.7531 0005489 355.6328 141.1864 16.17867734269818,2009-013A,34602,6603.489,89.006,228.978,221.729,1
GENERATED VIA SPACETRACK.ORG API,18 SPCS,34602,GOCE,PAYLOAD,U,09013A,2013-10-22 14:13,635935,16.17939484,0.0006293,96.5518,324.8548,357.4304,2.6913,0,999,26982,0.00016603,0.00267047,0.000001922,1568037,0 GOCE,1 34602U 09013A   13295.59244949  .00267047  19220-5  16603-3 0  9998,2 34602 096.5518 324.8548 0006293 357.4304 002.6913 16.17939484269821,2009-013A,34602,6603.294,89.002,229.314,221.003,1
GENERATED VIA SPACETRACK.ORG API,18 SPCS,34602,GOCE,PAYLOAD,U,09013A,2013-10-22 20:30,686816,16.1806172,0.0005356,96.5522,325.1171,353.2231,92.2423,0,999,26986,0.00020479,0.00332152,1.9222E-06,1568245,0 GOCE,1 34602U 09013A   13295.85449869  .00332152  19222-5  20479-3 0  9993,2 34602 096.5522 325.1171 0005356 353.2231 092.2423 16.18061720269869,2009-013A,34602,6602.961,88.995,228.363,221.289,1
GENERATED VIA SPACETRACK.ORG API,18 SPCS,34602,GOCE,PAYLOAD,U,09013A,2013-10-23 3:53,507615,16.18259876,0.0005277,96.5524,325.4262,350.8312,84.7431,0,999,26991,0.00020042,0.00329825,1.9234E-06,1568393,0 GOCE,1 34602U 09013A   13296.16200819  .00329825  19234-5  20042-3 0  9990,2 34602 096.5524 325.4262 0005277 350.8312 084.7431 16.18259876269912,2009-013A,34602,6602.422,88.984,227.771,220.803,1
GENERATED VIA SPACETRACK.ORG API,18 SPCS,34602,GOCE,PAYLOAD,U,09013A,2013-10-23 11:34,410752,16.18449421,0.0005148,96.5524,325.7482,348.4515,152.99,0,999,26997,0.00020426,0.00340872,1.9242E-06,1568539,0 GOCE,1 34602U 09013A   13296.48249318  .00340872  19242-5  20426-3 0  9992,2 34602 096.5524 325.7482 0005148 348.4515 152.9900 16.18449421269976,2009-013A,34602,6601.906,88.974,227.17,220.373,1
GENERATED VIA SPACETRACK.ORG API,18 SPCS,34602,GOCE,PAYLOAD,U,09013A,2013-10-23 16:55,207584,16.18586145,0.0005978,96.5502,325.9739,354.7354,5.3693,0,999,27000,0.00016907,0.00285195,1.9238E-06,1568716,0 GOCE,1 34602U 09013A   13296.70553481  .00285195  19238-5  16907-3 0  9996,2 34602 096.5502 325.9739 0005978 354.7354 005.3693 16.18586145270002,2009-013A,34602,6601.535,88.967,227.346,219.453,1
GENERATED VIA SPACETRACK.ORG API,18 SPCS,34602,GOCE,PAYLOAD,U,09013A,2013-10-23 20:20,838047,16.1867012,0.0005019,96.5526,326.1154,345.7618,123.2499,0,999,27002,0.00020813,0.00353052,1.9253E-06,1568809,0 GOCE,1 34602U 09013A   13296.84788007  .00353052  19253-5  20813-3 0  9991,2 34602 096.5526 326.1154 0005019 345.7618 123.2499 16.18670120270024,2009-013A,34602,6601.306,88.962,226.485,219.858,1
GENERATED VIA SPACETRACK.ORG API,18 SPCS,34602,GOCE,PAYLOAD,U,09013A,2013-10-24 3:37,904320,16.18849839,0.0004942,96.5525,326.4202,343.3068,90.0118,0,999,27007,0.00020104,0.00345588,1.9262E-06,1568949,0 GOCE,1 34602U 09013A   13297.15084380  .00345588  19262-5  20104-3 0  9997,2 34602 096.5525 326.4202 0004942 343.3068 090.0118 16.18849839270076,2009-013A,34602,6600.818,88.952,225.945,219.421,1
GENERATED VIA SPACETRACK.ORG API,18 SPCS,34602,GOCE,PAYLOAD,U,09013A,2013-10-24 14:12,894911,16.19104592,0.0004798,96.5526,326.8645,340.3371,143.775,0,999,27015,0.000225,0.00394252,1.9271E-06,1569241,0 GOCE,1 34602U 09013A   13297.59223258  .00394252  19271-5  22500-3 0  9998,2 34602 096.5526 326.8645 0004798 340.3371 143.7750 16.19104592270153,2009-013A,34602,6600.125,88.938,225.157,218.824,1
GENERATED VIA SPACETRACK.ORG API,18 SPCS,34602,GOCE,PAYLOAD,U,09013A,2013-10-25 10:54,280799,16.19666617,0.0004553,96.5525,327.7327,334.1672,134.4576,0,999,27028,0.00021002,0.00383824,1.9299E-06,1569646,0 GOCE,1 34602U 09013A   13298.45469075  .00383824  19299-5  21002-3 0  9992,2 34602 096.5525 327.7327 0004553 334.1672 134.4576 16.19666617270281,2009-013A,34602,6598.598,88.907,223.468,217.459,1
GENERATED VIA SPACETRACK.ORG API,18 SPCS,34602,GOCE,PAYLOAD,U,09013A,2013-10-25 19:48,205888,16.19910811,0.0004434,96.5521,328.1063,331.2135,138.079,0,999,27034,0.00021708,0.00404136,1.9307E-06,1569948,0 GOCE,1 34602U 09013A   13298.82547692  .00404136  19307-5  21708-3 0  9998,2 34602 096.5521 328.1063 0004434 331.2135 138.0790 16.19910811270342,2009-013A,34602,6597.935,88.894,222.726,216.875,1
GENERATED VIA SPACETRACK.ORG API,18 SPCS,34602,GOCE,PAYLOAD,U,09013A,2013-10-26 3:05,999071,16.2012428,0.0004396,96.5519,328.412,329.4414,108.0039,0,999,27039,0.00019649,0.00371742,1.9319E-06,1570283,0 GOCE,1 34602U 09013A   13299.12886573  .00371742  19319-5  19649-3 0  9996,2 34602 096.5519 328.4120 0004396 329.4414 108.0039 16.20124280270399,2009-013A,34602,6597.356,88.882,222.121,216.32,1
GENERATED VIA SPACETRACK.ORG API,18 SPCS,34602,GOCE,PAYLOAD,U,09013A,2013-10-26 12:14,790592,16.20389646,0.000429,96.5518,328.7966,326.152,174.4171,0,999,27046,0.00017663,0.0034094,1.9334E-06,1570410,0 GOCE,1 34602U 09013A   13299.51026378  .00340940  19334-5  17663-3 0  9995,2 34602 096.5518 328.7966 0004290 326.1520 174.4171 16.20389646270465,2009-013A,34602,6596.635,88.868,221.33,215.67,1
GENERATED VIA SPACETRACK.ORG API,18 SPCS,34602,GOCE,PAYLOAD,U,09013A,2013-10-26 19:33,122751,16.20617164,0.00042,96.5515,329.1043,323.9579,154.2882,0,999,27051,0.00020173,0.00396325,1.9339E-06,1570623,0 GOCE,1 34602U 09013A   13299.81519818  .00396325  19339-5  20173-3 0  9997,2 34602 096.5515 329.1043 0004200 323.9579 154.2882 16.20617164270513,2009-013A,34602,6596.018,88.855,220.653,215.113,1
GENERATED VIA SPACETRACK.ORG API,18 SPCS,34602,GOCE,PAYLOAD,U,09013A,2013-10-27 4:16,89888,16.20874329,0.0004167,96.5514,329.4704,321.8253,112.1586,0,999,27056,0.0001706,0.00341791,1.9355E-06,1570851,0 GOCE,1 34602U 09013A   13300.17806817  .00341791  19355-5  17060-3 0  9993,2 34602 096.5514 329.4704 0004167 321.8253 112.1586 16.20874329270564,2009-013A,34602,6595.32,88.841,219.934,214.437,1
GENERATED VIA SPACETRACK.ORG API,18 SPCS,34602,GOCE,PAYLOAD,U,09013A,2013-10-27 11:55,170752,16.21086827,0.0004038,96.5513,329.7923,318.9941,175.6609,0,999,27062,0.00019717,0.00401644,1.9361E-06,1570948,0 GOCE,1 34602U 09013A   13300.49714318  .00401644  19361-5  19717-3 0  9994,2 34602 096.5513 329.7923 0004038 318.9941 175.6609 16.21086827270623,2009-013A,34602,6594.744,88.829,219.272,213.946,1
GENERATED VIA SPACETRACK.ORG API,18 SPCS,34602,GOCE,PAYLOAD,U,09013A,2013-10-27 19:16,657887,16.213041,0.0003956,96.5511,330.1012,316.126,162.7358,0,999,27067,0.00019967,0.00413659,0.000001937,1571184,0 GOCE,1 34602U 09013A   13300.80306317  .00413659  19370-5  19967-3 0  9991,2 34602 096.5511 330.1012 0003956 316.1260 162.7358 16.21304100270678,2009-013A,34602,6594.155,88.817,218.628,213.411,1
GENERATED VIA SPACETRACK.ORG API,18 SPCS,34602,GOCE,PAYLOAD,U,09013A,2013-10-28 3:59,445183,16.215674,0.000395,96.551,330.4679,312.8749,123.9817,0,999,27072,0.00019161,0.00405197,1.9384E-06,1571369,0 GOCE,1 34602U 09013A   13301.16616256  .00405197  19384-5  19161-3 0  9996,2 34602 096.5510 330.4679 0003950 312.8749 123.9817 16.21567400270727,2009-013A,34602,6593.441,88.803,217.91,212.701,1
GENERATED VIA SPACETRACK.ORG API,18 SPCS,34602,GOCE,PAYLOAD,U,09013A,2013-10-28 11:39,514752,16.21797663,0.0003875,96.5511,330.7906,309.6043,191.24,0,999,27078,0.00019985,0.00430339,1.9395E-06,1571522,0 GOCE,1 34602U 09013A   13301.48566568  .00430339  19395-5  19985-3 0  9993,2 34602 096.5511 330.7906 0003875 309.6043 191.2400 16.21797663270789,2009-013A,34602,6592.817,88.79,217.236,212.127,1
GENERATED VIA SPACETRACK.ORG API,18 SPCS,34602,GOCE,PAYLOAD,U,09013A,2013-10-28 14:02,350815,16.21893168,0.0004689,96.5519,330.8899,314.9356,45.1522,0,999,27079,0.00016541,0.00359044,1.9411E-06,1571537,0 GOCE,1 34602U 09013A   13301.58494619  .00359044  19411-5  16541-3 0  9998,2 34602 096.5519 330.8899 0004689 314.9356 045.1522 16.21893168270799,2009-013A,34602,6592.558,88.785,217.514,211.332,1
GENERATED VIA SPACETRACK.ORG API,18 SPCS,34602,GOCE,PAYLOAD,U,09013A,2013-10-28 20:10,826976,16.22063866,0.0003895,96.551,331.1493,307.5114,105.0352,0,999,27083,0.00020629,0.00453668,1.9406E-06,1571764,0 GOCE,1 34602U 09013A   13301.84071559  .00453668  19406-5  20629-3 0  9994,2 34602 096.5510 331.1493 0003895 307.5114 105.0352 16.22063866270839,2009-013A,34602,6592.095,88.776,216.528,211.393,1
GENERATED VIA SPACETRACK.ORG API,18 SPCS,34602,GOCE,PAYLOAD,U,09013A,2013-10-29 3:40,486752,16.22316902,0.0003972,96.5509,331.4649,304.7529,129.4412,0,999,27088,0.00019426,0.00435867,1.9421E-06,1571987,0 GOCE,1 34602U 09013A   13302.15286443  .00435867  19421-5  19426-3 0  9990,2 34602 096.5509 331.4649 0003972 304.7529 129.4412 16.22316902270882,2009-013A,34602,6591.41,88.762,215.893,210.657,1
GENERATED VIA SPACETRACK.ORG API,18 SPCS,34602,GOCE,PAYLOAD,U,09013A,2013-10-29 8:18,131199,16.22456467,0.0003955,96.5508,331.6606,302.2141,182.0591,0,999,27092,0.00019925,0.00452067,1.9428E-06,1572116,0 GOCE,1 34602U 09013A   13302.34648300  .00452067  19428-5  19925-3 0  9997,2 34602 096.5508 331.6606 0003955 302.2141 182.0591 16.22456467270929,2009-013A,34602,6591.032,88.754,215.504,210.29,1
GENERATED VIA SPACETRACK.ORG API,18 SPCS,34602,GOCE,PAYLOAD,U,09013A,2013-10-29 19:38,606976,16.22863645,0.0005241,96.5506,332.1361,315.5118,44.555,0,999,27099,0.00016443,0.00385852,1.9447E-06,1572253,0 GOCE,1 34602U 09013A   13302.81857184  .00385852  19447-5  16443-3 0  9991,2 34602 096.5506 332.1361 0005241 315.5118 044.5550 16.22863645270996,2009-013A,34602,6589.929,88.732,215.248,208.341,1
GENERATED VIA SPACETRACK.ORG API,18 SPCS,34602,GOCE,PAYLOAD,U,09013A,2013-10-29 20:05,114751,16.22879859,0.0003878,96.5503,332.1567,298.0889,170.5736,0,999,27099,0.00021455,0.00503564,1.9444E-06,1572295,0 GOCE,1 34602U 09013A   13302.83716568  .00503564  19444-5  21455-3 0  9991,2 34602 096.5503 332.1567 0003878 298.0889 170.5736 16.22879859270995,2009-013A,34602,6589.886,88.731,214.306,209.195,1
GENERATED VIA SPACETRACK.ORG API,18 SPCS,34602,GOCE,PAYLOAD,U,09013A,2013-10-30 1:39,69088,16.23086765,0.0003909,96.5501,332.3917,296.8279,87.9596,0,999,27103,0.00021081,0.00503096,1.9454E-06,1572507,0 GOCE,1 34602U 09013A   13303.06943367  .00503096  19454-5  21081-3 0  9992,2 34602 096.5501 332.3917 0003909 296.8279 087.9596 16.23086765271036,2009-013A,34602,6589.325,88.72,213.766,208.615,1
GENERATED VIA SPACETRACK.ORG API,18 SPCS,34602,GOCE,PAYLOAD,U,09013A,2013-10-30 12:29,468159,16.23486963,0.0003896,96.5497,332.8484,292.0314,207.1583,0,999,27111,0.00020479,0.00504791,1.9474E-06,1572633,0 GOCE,1 34602U 09013A   13303.52054940  .00504791  19474-5  20479-3 0  9998,2 34602 096.5497 332.8484 0003896 292.0314 207.1583 16.23486963271112,2009-013A,34602,6588.243,88.698,212.674,207.541,1
GENERATED VIA SPACETRACK.ORG API,18 SPCS,34602,GOCE,PAYLOAD,U,09013A,2013-10-30 13:24,286367,16.23535717,0.0004597,96.5505,332.8865,303.3456,56.7355,0,999,27111,0.00017626,0.00436422,1.9478E-06,1572655,0 GOCE,1 34602U 09013A   13303.55837137  .00436422  19478-5  17626-3 0  9997,2 34602 096.5505 332.8865 0004597 303.3456 056.7355 16.23535717271114,2009-013A,34602,6588.111,88.695,213.004,206.947,1
GENERATED VIA SPACETRACK.ORG API,18 SPCS,34602,GOCE,PAYLOAD,U,09013A,2013-10-30 19:45,693184,16.23800535,0.0003847,96.5492,333.1555,289.3958,179.9755,0,999,27115,0.00021943,0.00554889,1.9485E-06,1572897,0 GOCE,1 34602U 09013A   13303.82360756  .00554889  19485-5  21943-3 0  9998,2 34602 096.5492 333.1555 0003847 289.3958 179.9755 16.23800535271155,2009-013A,34602,6587.394,88.681,211.794,206.725,1
GENERATED VIA SPACETRACK.ORG API,18 SPCS,34602,GOCE,PAYLOAD,U,09013A,2013-10-31 3:01,241344,16.24105429,0.0003846,96.549,333.4623,288.2342,149.8426,0,999,27120,0.00021418,0.00555296,1.9499E-06,1573077,0 GOCE,1 34602U 09013A   13304.12635696  .00555296  19499-5  21418-3 0  9995,2 34602 096.5490 333.4623 0003846 288.2342 149.8426 16.24105429271204,2009-013A,34602,6586.57,88.664,210.968,205.902,1
GENERATED VIA SPACETRACK.ORG API,18 SPCS,34602,GOCE,PAYLOAD,U,09013A,2013-10-31 7:39,828896,16.24292383,0.0003837,96.5487,333.6577,285.9235,198.4916,0,999,27124,0.00022199,0.00584486,1.9507E-06,1573292,0 GOCE,1 34602U 09013A   13304.31911839  .00584486  19507-5  22199-3 0  9992,2 34602 096.5487 333.6577 0003837 285.9235 198.4916 16.24292383271249,2009-013A,34602,6586.065,88.654,210.457,205.402,1
GENERATED VIA SPACETRACK.ORG API,18 SPCS,34602,GOCE,PAYLOAD,U,09013A,2013-10-31 16:01,236928,16.24685658,0.000502,96.5497,334.0091,304.4738,55.6675,0,999,27130,0.00023404,0.00637843,0,1573293,0 GOCE,1 34602U 09013A   13304.66746802  .00637843  00000-0  23404-3 0  9995,2 34602 096.5497 334.0091 0005020 304.4738 055.6675 16.24685658271301,2009-013A,34602,6585.002,88.633,210.172,203.561,1
GENERATED VIA SPACETRACK.ORG API,18 SPCS,34602,GOCE,PAYLOAD,U,09013A,2013-10-31 17:29,595647,16.24796868,0.0004284,96.5492,334.0743,288.199,71.9449,0,999,27131,0.00029222,0.00803098,0,1573298,0 GOCE,1 34602U 09013A   13304.72905782  .00803098  00000-0  29222-3 0  9997,2 34602 096.5492 334.0743 0004284 288.1990 071.9449 16.24796868271316,2009-013A,34602,6584.701,88.626,209.387,203.745,1
GENERATED VIA SPACETRACK.ORG API,18 SPCS,34602,GOCE,PAYLOAD,U,09013A,2013-10-31 19:28,703616,16.24805286,0.0003772,96.5483,334.1569,282.7107,198.2317,0,999,27132,0.00022959,0.00630717,1.9529E-06,1573435,0 GOCE,1 34602U 09013A   13304.81130444  .00630717  19529-5  22959-3 0  9999,2 34602 096.5483 334.1569 0003772 282.7107 198.2317 16.24805286271327,2009-013A,34602,6584.678,88.626,209.027,204.06,1
GENERATED VIA SPACETRACK.ORG API,18 SPCS,34602,GOCE,PAYLOAD,U,09013A,2013-11-01 11:48,533184,16.25547769,0.0003902,96.5481,334.8473,275.5737,223.3988,0,999,27143,0.00020694,0.00605025,1.9571E-06,1573782,0 GOCE,1 34602U 09013A   13305.49170756  .00605025  19571-5  20694-3 0  9999,2 34602 096.5481 334.8473 0003902 275.5737 223.3988 16.25547769271436,2009-013A,34602,6582.673,88.586,207.107,201.97,1
GENERATED VIA SPACETRACK.ORG API,18 SPCS,34602,GOCE,PAYLOAD,U,09013A,2013-11-01 18:50,972672,16.25879436,0.0003993,96.5478,335.1453,274.1075,142.2945,0,999,27147,0.00020821,0.0062615,1.9587E-06,1574066,0 GOCE,1 34602U 09013A   13305.78535848  .00626150  19587-5  20821-3 0  9999,2 34602 096.5478 335.1453 0003993 274.1075 142.2945 16.25879436271479,2009-013A,34602,6581.778,88.567,206.271,201.015,1
GENERATED VIA SPACETRACK.ORG API,18 SPCS,34602,GOCE,PAYLOAD,U,09013A,2013-11-02 3:46,272319,16.26317925,0.0004125,96.5475,335.5237,273.7646,159.781,0,999,27153,0.00020263,0.00632688,1.9605E-06,1574250,0 GOCE,1 34602U 09013A   13306.15752630  .00632688  19605-5  20263-3 0  9995,2 34602 096.5475 335.5237 0004125 273.7646 159.7810 16.26317925271539,2009-013A,34602,6580.595,88.544,205.174,199.745,1
GENERATED VIA SPACETRACK.ORG API,18 SPCS,34602,GOCE,PAYLOAD,U,09013A,2013-11-02 8:24,419200,16.26523749,0.0004169,96.5472,335.7195,271.6604,210.0712,0,999,27157,0.00020635,0.00655842,1.9616E-06,1574386,0 GOCE,1 34602U 09013A   13306.35034050  .00655842  19616-5  20635-3 0  9998,2 34602 096.5472 335.7195 0004169 271.6604 210.0712 16.26523749271579,2009-013A,34602,6580.04,88.532,204.648,199.161,1
GENERATED VIA SPACETRACK.ORG API,18 SPCS,34602,GOCE,PAYLOAD,U,09013A,2013-11-02 13:48,276479,16.26813683,0.0004334,96.5472,335.9486,270.7205,89.3539,0,999,27160,0.00017234,0.00561624,1.9631E-06,1574408,0 GOCE,1 34602U 09013A   13306.57562820  .00561624  19631-5  17234-3 0  9995,2 34602 096.5472 335.9486 0004334 270.7205 089.3539 16.26813683271602,2009-013A,34602,6579.258,88.517,203.974,198.271,1
GENERATED VIA SPACETRACK.ORG API,18 SPCS,34602,GOCE,PAYLOAD,U,09013A,2013-11-02 20:09,858048,16.27112219,0.0004194,96.5465,336.2175,267.6895,200.6594,0,999,27164,0.00020739,0.00693631,1.9643E-06,1574547,0 GOCE,1 34602U 09013A   13306.84014882  .00693631  19643-5  20739-3 0  9996,2 34602 096.5465 336.2175 0004194 267.6895 200.6594 16.27112219271648,2009-013A,34602,6578.453,88.5,203.077,197.559,1
GENERATED VIA SPACETRACK.ORG API,18 SPCS,34602,GOCE,PAYLOAD,U,09013A,2013-11-03 3:25,204127,16.27490912,0.0004252,96.5463,336.5253,265.7867,173.8833,0,999,27169,0.00019669,0.00680006,1.9662E-06,1574866,0 GOCE,1 34602U 09013A   13307.14272227  .00680006  19662-5  19669-3 0  9992,2 34602 096.5463 336.5253 0004252 265.7867 173.8833 16.27490912271690,2009-013A,34602,6577.433,88.48,202.094,196.501,1
GENERATED VIA SPACETRACK.ORG API,18 SPCS,34602,GOCE,PAYLOAD,U,09013A,2013-11-03 9:00,20703,16.27814376,0.000494,96.5476,336.7647,270.0971,89.9891,0,999,27173,0.00017635,0.00627824,1.9683E-06,1574963,0 GOCE,1 34602U 09013A   13307.37505811  .00627824  19683-5  17635-3 0  9998,2 34602 096.5476 336.7647 0004940 270.0971 089.9891 16.27814376271732,2009-013A,34602,6576.561,88.462,201.675,195.177,1
GENERATED VIA SPACETRACK.ORG API,18 SPCS,34602,GOCE,PAYLOAD,U,09013A,2013-11-03 12:31,581727,16.27976052,0.0004349,96.546,336.9113,262.6578,236.399,0,999,27176,0.00020372,0.00735216,1.9688E-06,1574999,0 GOCE,1 34602U 09013A   13307.52173127  .00735216  19688-5  20372-3 0  9998,2 34602 096.5460 336.9113 0004349 262.6578 236.3990 16.27976052271769,2009-013A,34602,6576.126,88.453,200.851,195.131,1
GENERATED VIA SPACETRACK.ORG API,18 SPCS,34602,GOCE,PAYLOAD,U,09013A,2013-11-03 14:54,935199,16.28114648,0.0005058,96.5472,337.0142,269.4161,90.6565,0,999,27177,0.00016782,0.00613636,1.9696E-06,1575071,0 GOCE,1 34602U 09013A   13307.62093675  .00613636  19696-5  16782-3 0  9998,2 34602 096.5472 337.0142 0005058 269.4161 090.6565 16.28114648271773,2009-013A,34602,6575.753,88.446,200.944,194.292,1
GENERATED VIA SPACETRACK.ORG API,18 SPCS,34602,GOCE,PAYLOAD,U,09013A,2013-11-03 20:48,999839,16.28417872,0.0004363,96.5457,337.263,261.1151,99.4804,0,999,27181,0.00019856,0.00745346,1.9708E-06,1575125,0 GOCE,1 34602U 09013A   13307.86685185  .00745346  19708-5  19856-3 0  9990,2 34602 096.5457 337.2630 0004363 261.1151 099.4804 16.28417872271819,2009-013A,34602,6574.936,88.429,199.67,193.933,1
GENERATED VIA SPACETRACK.ORG API,18 SPCS,34602,GOCE,PAYLOAD,U,09013A,2013-11-04 4:20,199232,16.28822757,0.0004325,96.5454,337.583,260.4552,140.449,0,999,27186,0.00020825,0.00810664,1.9726E-06,1575431,0 GOCE,1 34602U 09013A   13308.18095138  .00810664  19726-5  20825-3 0  9993,2 34602 096.5454 337.5830 0004325 260.4552 140.4490 16.28822757271861,2009-013A,34602,6573.847,88.407,198.555,192.868,1
GENERATED VIA SPACETRACK.ORG API,18 SPCS,34602,GOCE,PAYLOAD,U,09013A,2013-11-04 13:01,869856,16.29380554,0.0005535,96.5465,337.9523,261.8669,98.2093,0,999,27192,0.00016743,0.00686747,1.9761E-06,1575545,0 GOCE,1 34602U 09013A   13308.54254479  .00686747  19761-5  16743-3 0  9994,2 34602 096.5465 337.9523 0005535 261.8669 098.2093 16.29380554271925,2009-013A,34602,6572.346,88.377,197.849,190.573,1
GENERATED VIA SPACETRACK.ORG API,18 SPCS,34602,GOCE,PAYLOAD,U,09013A,2013-11-04 18:54,495904,16.29694211,0.000557,96.547,338.205,262.7454,97.3299,0,999,27196,0.00015703,0.00662879,1.9776E-06,1575716,0 GOCE,1 34602U 09013A   13308.78818861  .00662879  19776-5  15703-3 0  9992,2 34602 096.5470 338.2050 0005570 262.7454 097.3299 16.29694211271961,2009-013A,34602,6571.503,88.36,197.028,189.708,1
GENERATED VIA SPACETRACK.ORG API,18 SPCS,34602,GOCE,PAYLOAD,U,09013A,2013-11-04 20:54,152288,16.29823143,0.0004475,96.5449,338.2876,256.3702,232.0449,0,999,27198,0.00020109,0.00857681,1.9777E-06,1575780,0 GOCE,1 34602U 09013A   13308.87147167  .00857681  19777-5  20109-3 0  9990,2 34602 096.5449 338.2876 0004475 256.3702 232.0449 16.29823143271986,2009-013A,34602,6571.156,88.353,195.962,190.081,1
GENERATED VIA SPACETRACK.ORG API,18 SPCS,34602,GOCE,PAYLOAD,U,09013A,2013-11-05 3:45,168320,16.3029482,0.0005274,96.5468,338.5787,254.294,105.7871,0,999,27202,0.00015941,0.00710999,1.9812E-06,1576019,0 GOCE,1 34602U 09013A   13309.15654130  .00710999  19812-5  15941-3 0  9993,2 34602 096.5468 338.5787 0005274 254.2940 105.7871 16.30294820272027,2009-013A,34602,6569.889,88.328,195.219,188.289,1
GENERATED VIA SPACETRACK.ORG API,18 SPCS,34602,GOCE,PAYLOAD,U,09013A,2013-11-05 4:04,956640,16.30292514,0.0004513,96.5448,338.5923,255.5452,183.339,0,999,27202,0.00019986,0.0089034,0.00000198,1576089,0 GOCE,1 34602U 09013A   13309.16997635  .00890340  19800-5  19986-3 0  9993,2 34602 096.5448 338.5923 0004513 255.5452 183.3390 16.30292514272020,2009-013A,34602,6569.895,88.328,194.725,188.795,1
GENERATED VIA SPACETRACK.ORG API,18 SPCS,34602,GOCE,PAYLOAD,U,09013A,2013-11-05 5:30,694592,16.30403718,0.0005204,96.5468,338.6534,257.3881,168.7603,0,999,27203,0.0001591,0.00716784,1.9812E-06,1576184,0 GOCE,1 34602U 09013A   13309.22918628  .00716784  19812-5  15910-3 0  9990,2 34602 096.5468 338.6534 0005204 257.3881 168.7603 16.30403718272030,2009-013A,34602,6569.596,88.322,194.88,188.042,1
GENERATED VIA SPACETRACK.ORG API,18 SPCS,34602,GOCE,PAYLOAD,U,09013A,2013-11-05 13:14,443744,16.30900852,0.0004656,96.5447,338.9828,253.7946,265.461,0,999,27209,0.00020013,0.00944021,1.9833E-06,1576216,0 GOCE,1 34602U 09013A   13309.55189171  .00944021  19833-5  20013-3 0  9999,2 34602 096.5447 338.9828 0004656 253.7946 265.4610 16.30900852272098,2009-013A,34602,6568.261,88.295,193.184,187.068,1
GENERATED VIA SPACETRACK.ORG API,18 SPCS,34602,GOCE,PAYLOAD,U,09013A,2013-11-05 19:57,249728,16.31403503,0.0005916,96.5461,339.2683,265.1248,94.9145,0,999,27213,0.00016043,0.00795379,1.9848E-06,1576329,0 GOCE,1 34602U 09013A   13309.83150752  .00795379  19848-5  16043-3 0  9997,2 34602 096.5461 339.2683 0005916 265.1248 094.9145 16.31403503272134,2009-013A,34602,6566.912,88.268,192.662,184.892,1
GENERATED VIA SPACETRACK.ORG API,18 SPCS,34602,GOCE,PAYLOAD,U,09013A,2013-11-05 20:25,847263,16.31410472,0.0004614,96.5445,339.289,252.6293,223.1221,0,999,27213,0.00020645,0.01021996,0.000001986,1576374,0 GOCE,1 34602U 09013A   13309.85121351  .01021996  19860-5  20645-3 0  9997,2 34602 096.5445 339.2890 0004614 252.6293 223.1221 16.31410472272135,2009-013A,34602,6566.893,88.267,191.788,185.728,1
GENERATED VIA SPACETRACK.ORG API,18 SPCS,34602,GOCE,PAYLOAD,U,09013A,2013-11-05 22:54,9440,16.31680489,0.0005373,96.5449,339.3894,244.3548,115.73,0,999,27215,0.00017206,0.00875036,1.9884E-06,1576462,0 GOCE,1 34602U 09013A   13309.95417835  .00875036  19884-5  17206-3 0  9999,2 34602 096.5449 339.3894 0005373 244.3548 115.7300 16.31680489272151,2009-013A,34602,6566.169,88.253,191.562,184.506,1
GENERATED VIA SPACETRACK.ORG API,18 SPCS,34602,GOCE,PAYLOAD,U,09013A,2013-11-06 0:22,620767,16.31787084,0.0005402,96.5451,339.452,243.8568,116.2175,0,999,27216,0.0001701,0.00874065,0.000001989,1576474,0 GOCE,1 34602U 09013A   13310.01550487  .00874065  19890-5  17010-3 0  9990,2 34602 096.5451 339.4520 0005402 243.8568 116.2175 16.31787084272166,2009-013A,34602,6565.883,88.247,191.295,184.201,1
GENERATED VIA SPACETRACK.ORG API,18 SPCS,34602,GOCE,PAYLOAD,U,09013A,2013-11-06 3:18,114207,16.31976234,0.0005722,96.5442,339.584,249.8607,110.1883,0,999,27218,0.00016332,0.00855169,1.9886E-06,1576490,0 GOCE,1 34602U 09013A   13310.13814947  .00855169  19886-5  16332-3 0  9992,2 34602 096.5442 339.5840 0005722 249.8607 110.1883 16.31976234272185,2009-013A,34602,6565.375,88.237,190.997,183.484,1
GENERATED VIA SPACETRACK.ORG API,18 SPCS,34602,GOCE,PAYLOAD,U,09013A,2013-11-06 4:47,209727,16.32003528,0.000578,96.5442,339.6468,249.6028,110.4065,0,999,27219,0.00015143,0.00795044,1.9885E-06,1576551,0 GOCE,1 34602U 09013A   13310.19947002  .00795044  19885-5  15143-3 0  9990,2 34602 096.5442 339.6468 0005780 249.6028 110.4065 16.32003528272195,2009-013A,34602,6565.302,88.235,190.962,183.372,1
GENERATED VIA SPACETRACK.ORG API,18 SPCS,34602,GOCE,PAYLOAD,U,09013A,2013-11-06 12:08,579008,16.32578873,0.0006051,96.5442,339.9609,248.3137,111.9017,0,999,27224,0.00015,0.00833365,1.9915E-06,1576587,0 GOCE,1 34602U 09013A   13310.50602522  .00833365  19915-5  15000-3 0  9995,2 34602 096.5442 339.9609 0006051 248.3137 111.9017 16.32578873272243,2009-013A,34602,6563.76,88.204,189.596,181.653,1
GENERATED VIA SPACETRACK.ORG API,18 SPCS,34602,GOCE,PAYLOAD,U,09013A,2013-11-06 15:05,765600,16.3285249,0.0005918,96.546,340.0862,249.4989,110.6384,0,999,27226,0.00015399,0.00878615,1.9938E-06,1576656,0 GOCE,1 34602U 09013A   13310.62858525  .00878615  19938-5  15399-3 0  9997,2 34602 096.5460 340.0862 0005918 249.4989 110.6384 16.32852490272260,2009-013A,34602,6563.026,88.189,188.775,181.007,1
GENERATED VIA SPACETRACK.ORG API,18 SPCS,34602,GOCE,PAYLOAD,U,09013A,2013-11-06 19:29,962207,16.33221243,0.0006039,96.5457,340.2756,249.1616,110.9086,0,999,27229,0.00015431,0.00913394,1.9955E-06,1576725,0 GOCE,1 34602U 09013A   13310.81240697  .00913394  19955-5  15431-3 0  9993,2 34602 096.5457 340.2756 0006039 249.1616 110.9086 16.33221243272291,2009-013A,34602,6562.038,88.169,187.866,179.941,1
GENERATED VIA SPACETRACK.ORG API,18 SPCS,34602,GOCE,PAYLOAD,U,09013A,2013-11-06 23:54,714560,16.33563714,0.0006281,96.5461,340.463,244.3782,115.6733,0,999,27232,0.00014936,0.00915344,0.000001998,1576944,0 GOCE,1 34602U 09013A   13310.99620040  .00915344  19980-5  14936-3 0  9990,2 34602 096.5461 340.4630 0006281 244.3782 115.6733 16.33563714272326,2009-013A,34602,6561.121,88.151,187.107,178.865,1
GENERATED VIA SPACETRACK.ORG API,18 SPCS,34602,GOCE,PAYLOAD,U,09013A,2013-11-07 2:50,441183,16.3384163,0.0005896,96.5459,340.5885,246.5614,113.5228,0,999,27234,0.00014801,0.00931965,1.9989E-06,1577034,0 GOCE,1 34602U 09013A   13311.11870881  .00931965  19989-5  14801-3 0  9992,2 34602 096.5459 340.5885 0005896 246.5614 113.5228 16.33841630272349,2009-013A,34602,6560.377,88.136,186.11,178.374,1
GENERATED VIA SPACETRACK.ORG API,18 SPCS,34602,GOCE,PAYLOAD,U,09013A,2013-11-07 3:09,654752,16.33764535,0.0004767,96.5436,340.6011,250.3907,185.1779,0,999,27234,0.0002101,0.01309976,1.9981E-06,1577063,0 GOCE,1 34602U 09013A   13311.13154693  .01309976  19981-5  21010-3 0  9994,2 34602 096.5436 340.6011 0004767 250.3907 185.1779 16.33764535272344,2009-013A,34602,6560.584,88.14,185.576,179.321,1
GENERATED VIA SPACETRACK.ORG API,18 SPCS,34602,GOCE,PAYLOAD,U,09013A,2013-11-07 7:15,428064,16.34155582,0.0005742,96.5506,340.779,263.911,96.1313,0,999,27237,0.00014189,0.00921976,0.000002,1577164,0 GOCE,1 34602U 09013A   13311.30243551  .00921976  20000-5  14189-3 0  9997,2 34602 096.5506 340.7790 0005742 263.9110 096.1313 16.34155582272372,2009-013A,34602,6559.537,88.119,185.168,177.635,1
GENERATED VIA SPACETRACK.ORG API,18 SPCS,34602,GOCE,PAYLOAD,U,09013A,2013-11-07 8:46,530272,16.34259574,0.0004795,96.5433,340.8413,248.4399,121.9778,0,999,27238,0.00022116,0.01449838,2.0015E-06,1577189,0 GOCE,1 34602U 09013A   13311.36541123  .01449838  20015-5  22116-3 0  9997,2 34602 096.5433 340.8413 0004795 248.4399 121.9778 16.34259574272387,2009-013A,34602,6559.259,88.113,184.269,177.979,1
GENERATED VIA SPACETRACK.ORG API,18 SPCS,34602,GOCE,PAYLOAD,U,09013A,2013-11-07 11:39,626656,16.34632631,0.0005823,96.5445,340.9709,252.1833,107.8907,0,999,27240,0.00014792,0.01009348,2.0011E-06,1577272,0 GOCE,1 34602U 09013A   13311.48610679  .01009348  20011-5  14792-3 0  9998,2 34602 096.5445 340.9709 0005823 252.1833 107.8907 16.34632631272406,2009-013A,34602,6558.261,88.093,183.945,176.307,1
GENERATED VIA SPACETRACK.ORG API,18 SPCS,34602,GOCE,PAYLOAD,U,09013A,2013-11-07 17:32,122816,16.34867021,0.0007005,96.5495,341.225,225.0145,135.1294,0,999,27248,0.00012658,0.00887718,0,1577426,0 GOCE,1 34602U 09013A   13311.73101994  .00887718  00000-0  12658-3 0  9995,2 34602 096.5495 341.2250 0007005 225.0145 135.1294 16.34867021272489,2009-013A,34602,6557.634,88.081,184.092,174.905,1
GENERATED VIA SPACETRACK.ORG API,18 SPCS,34602,GOCE,PAYLOAD,U,09013A,2013-11-07 19:00,175103,16.35592923,0.0006713,96.5464,341.2781,243.8407,116.1413,0,999,27245,0.00018136,0.0137068,2.0102E-06,1577588,0 GOCE,1 34602U 09013A   13311.79208536  .01370680  20102-5  18136-3 0  9994,2 34602 096.5464 341.2781 0006713 243.8407 116.1413 16.35592923272454,2009-013A,34602,6555.693,88.041,181.959,173.158,1
GENERATED VIA SPACETRACK.ORG API,18 SPCS,34602,GOCE,PAYLOAD,U,09013A,2013-11-07 21:56,797088,16.35985493,0.0005945,96.5442,341.4046,248.5208,111.5496,0,999,27247,0.00018738,0.01473232,2.0101E-06,1577614,0 GOCE,1 34602U 09013A   13311.91445367  .01473232  20101-5  18738-3 0  9997,2 34602 096.5442 341.4046 0005945 248.5208 111.5496 16.35985493272473,2009-013A,34602,6554.645,88.02,180.406,172.613,1
GENERATED VIA SPACETRACK.ORG API,18 SPCS,34602,GOCE,PAYLOAD,U,09013A,2013-11-07 23:24,452224,16.36127983,0.0006067,96.5445,341.4658,246.1488,113.9094,0,999,27248,0.00017036,0.01360227,0.000002011,1577646,0 GOCE,1 34602U 09013A   13311.97561866  .01360227  20110-5  17036-3 0  9995,2 34602 096.5445 341.4658 0006067 246.1488 113.9094 16.36127983272489,2009-013A,34602,6554.264,88.013,180.106,172.153,1
GENERATED VIA SPACETRACK.ORG API,18 SPCS,34602,GOCE,PAYLOAD,U,09013A,2013-11-08 4:07,66047,16.36295741,0.0005072,96.5417,341.6711,247.8974,187.1377,0,999,27251,0.00027574,0.02236494,2.0146E-06,1577713,0 GOCE,1 34602U 09013A   13312.17180632  .02236494  20146-5  27574-3 0  9992,2 34602 096.5417 341.6711 0005072 247.8974 187.1377 16.36295741272512,2009-013A,34602,6553.816,88.004,179.005,172.357,1
GENERATED VIA SPACETRACK.ORG API,18 SPCS,34602,GOCE,PAYLOAD,U,09013A,2013-11-08 11:09,969215,16.37548462,0.0006474,96.5466,341.9748,247.143,112.9737,0,999,27256,0.00015978,0.01489865,2.0194E-06,1577793,0 GOCE,1 34602U 09013A   13312.46473344  .01489865  20194-5  15978-3 0  9998,2 34602 096.5466 341.9748 0006474 247.1430 112.9737 16.37548462272569,2009-013A,34602,6550.473,87.936,176.579,168.097,1
GENERATED VIA SPACETRACK.ORG API,18 SPCS,34602,GOCE,PAYLOAD,U,09013A,2013-11-08 13:15,43103,16.37478693,0.0005413,96.5417,342.0637,248.8956,267.5264,0,999,27258,0.00026177,0.02415703,2.0207E-06,1577819,0 GOCE,1 34602U 09013A   13312.55236161  .02415703  20207-5  26177-3 0  9991,2 34602 096.5417 342.0637 0005413 248.8956 267.5264 16.37478693272589,2009-013A,34602,6550.659,87.94,176.07,168.978,1
GENERATED VIA SPACETRACK.ORG API,18 SPCS,34602,GOCE,PAYLOAD,U,09013A,2013-11-08 15:33,16640,16.38095278,0.0005735,96.5417,342.1625,248.4901,111.5967,0,999,27259,0.00015241,0.01507131,2.0189E-06,1577961,0 GOCE,1 34602U 09013A   13312.64803260  .01507131  20189-5  15241-3 0  9996,2 34602 096.5417 342.1625 0005735 248.4901 111.5967 16.38095278272594,2009-013A,34602,6549.015,87.907,174.636,167.125,1
GENERATED VIA SPACETRACK.ORG API,18 SPCS,34602,GOCE,PAYLOAD,U,09013A,2013-11-08 19:57,118015,16.3873569,0.0005587,96.5416,342.3517,246.2086,113.8601,0,999,27262,0.00015446,0.01641221,2.0236E-06,1578014,0 GOCE,1 34602U 09013A   13312.83126294  .01641221  20236-5  15446-3 0  9991,2 34602 096.5416 342.3517 0005587 246.2086 113.8601 16.38735690272623,2009-013A,34602,6547.309,87.873,172.832,165.516,1
GENERATED VIA SPACETRACK.ORG API,18 SPCS,34602,GOCE,PAYLOAD,U,09013A,2013-11-08 21:43,12224,16.38688848,0.0005507,96.5415,342.4282,247.1708,188.1525,0,999,27263,0.00024466,0.02585598,2.0286E-06,1578071,0 GOCE,1 34602U 09013A   13312.90508116  .02585598  20286-5  24466-3 0  9998,2 34602 096.5415 342.4282 0005507 247.1708 188.1525 16.38688848272638,2009-013A,34602,6547.434,87.875,172.905,165.693,1
GENERATED VIA SPACETRACK.ORG API,18 SPCS,34602,GOCE,PAYLOAD,U,09013A,2013-11-09 0:20,23295,16.39360444,0.0006656,96.5433,342.5402,243.5102,116.5957,0,999,27265,0.00014626,0.01675008,2.0283E-06,1578227,0 GOCE,1 34602U 09013A   13313.01443314  .01675008  20283-5  14626-3 0  9998,2 34602 096.5433 342.5402 0006656 243.5102 116.5957 16.39360444272653,2009-013A,34602,6545.646,87.839,171.867,163.154,1
GENERATED VIA SPACETRACK.ORG API,18 SPCS,34602,GOCE,PAYLOAD,U,09013A,2013-11-09 3:35,233343,16.39590515,0.0005407,96.5413,342.6812,249.7468,187.4801,0,999,27267,0.00023457,0.02748957,2.0324E-06,1578288,0 GOCE,1 34602U 09013A   13313.14957446  .02748957  20324-5  23457-3 0  9991,2 34602 096.5413 342.6812 0005407 249.7468 187.4801 16.39590515272674,2009-013A,34602,6545.033,87.827,170.437,163.359,1
GENERATED VIA SPACETRACK.ORG API,18 SPCS,34602,GOCE,PAYLOAD,U,09013A,2013-11-09 7:40,754527,16.4052687,0.0006538,96.5416,342.8576,242.8256,117.2777,0,999,27270,0.00014972,0.01966075,2.0353E-06,1578366,0 GOCE,1 34602U 09013A   13313.31954577  .01966075  20353-5  14972-3 0  9998,2 34602 096.5416 342.8576 0006538 242.8256 117.2777 16.40526870272703,2009-013A,34602,6542.543,87.777,168.685,160.13,1
GENERATED VIA SPACETRACK.ORG API,18 SPCS,34602,GOCE,PAYLOAD,U,09013A,2013-11-09 12:37,692864,16.41409909,0.0006261,96.5408,343.071,248.1523,251.1752,0,999,27274,0.0002051,0.03183775,0.000002044,1578391,0 GOCE,1 34602U 09013A   13313.52606126  .03183775  20440-5  20510-3 0  9997,2 34602 096.5408 343.0710 0006261 248.1523 251.1752 16.41409909272745,2009-013A,34602,6540.196,87.729,166.156,157.966,1
GENERATED VIA SPACETRACK.ORG API,18 SPCS,34602,GOCE,PAYLOAD,U,09013A,2013-11-09 14:59,416096,16.42117058,0.0007332,96.5401,343.1733,245.6469,114.4488,0,999,27275,0.00013017,0.02478617,2.0428E-06,1578511,0 GOCE,1 34602U 09013A   13313.62439139  .02478617  20428-5  13017-3 0  9997,2 34602 096.5401 343.1733 0007332 245.6469 114.4488 16.42117058272755,2009-013A,34602,6538.318,87.692,164.977,155.389,1
GENERATED VIA SPACETRACK.ORG API,18 SPCS,34602,GOCE,PAYLOAD,U,09013A,2013-11-09 20:48,256,16.43507642,0.000617,96.5401,343.4257,250.0737,104.114,0,999,27279,0.00015254,0.03838677,2.0552E-06,1578612,0 GOCE,1 34602U 09013A   13313.86703704  .03838677  20552-5  15254-3 0  9995,2 34602 096.5401 343.4257 0006170 250.0737 104.1140 16.43507642272794,2009-013A,34602,6534.629,87.617,160.526,152.463,1
GENERATED VIA SPACETRACK.ORG API,18 SPCS,34602,GOCE,PAYLOAD,U,09013A,2013-11-10 4:08,501951,16.45831236,0.0008174,96.5432,343.7435,240.5984,119.4716,0,999,27284,0.000083323,0.03526337,2.0688E-06,1578806,0 GOCE,1 34602U 09013A   13314.17225118  .03526337  20688-5  83323-4 0  9998,2 34602 096.5432 343.7435 0008174 240.5984 119.4716 16.45831236272848,2009-013A,34602,6528.478,87.494,155.679,145.006,1
GENERATED VIA SPACETRACK.ORG API,18 SPCS,34602,GOCE,PAYLOAD,U,09013A,2013-11-10 4:26,933343,16.45998816,0.0006984,96.5394,343.7567,252.4435,184.4885,0,999,27284,0.00013509,0.05754093,2.0708E-06,1578853,0 GOCE,1 34602U 09013A   13314.18523071  .05754093  20708-5  13509-3 0  9993,2 34602 096.5394 343.7567 0006984 252.4435 184.4885 16.45998816272848,2009-013A,34602,6528.034,87.485,154.459,145.34,1
GENERATED VIA SPACETRACK.ORG API,18 SPCS,34602,GOCE,PAYLOAD,U,09013A,2013-11-10 5:35,331135,16.46157668,0.0007451,96.5419,343.8068,250.3198,109.6571,0,999,27285,0.000074727,0.03311742,2.0634E-06,1578854,0 GOCE,1 34602U 09013A   13314.23303624  .03311742  20634-5  74727-4 0  9995,2 34602 096.5419 343.8068 0007451 250.3198 109.6571 16.46157668272851,2009-013A,34602,6527.615,87.476,154.343,144.616,1
GENERATED VIA SPACETRACK.ORG API,18 SPCS,34602,GOCE,PAYLOAD,U,09013A,2013-11-10 8:30,538495,16.47525561,0.0007213,96.542,343.9331,252.0045,108.303,0,999,27287,0.0000756,0.04277159,0.000002073,1578953,0 GOCE,1 34602U 09013A   13314.35460114  .04277159  20730-5  75600-4 0  9998,2 34602 096.5420 343.9331 0007213 252.0045 108.3030 16.47525561272873,2009-013A,34602,6524.001,87.404,150.572,141.16,1
GENERATED VIA SPACETRACK.ORG API,18 SPCS,34602,GOCE,PAYLOAD,U,09013A,2013-11-10 12:00,885887,16.48543835,0.0007729,96.5378,344.0856,253.2915,249.8662,0,999,27290,0.00015222,0.1035325,2.0955E-06,1578980,0 GOCE,1 34602U 09013A   13314.50011442  .10353250  20955-5  15222-3 0  9997,2 34602 096.5378 344.0856 0007729 253.2915 249.8662 16.48543835272901,2009-013A,34602,6521.314,87.35,148.219,138.139,1
GENERATED VIA SPACETRACK.ORG API,18 SPCS,34602,GOCE,PAYLOAD,U,09013A,2013-11-10 14:20,180671,16.49870747,0.0008942,96.5378,344.1876,252.8729,107.0989,0,999,27291,0.000053534,0.04600193,2.0786E-06,1579101,0 GOCE,1 34602U 09013A   13314.59732848  .04600193  20786-5  53534-4 0  9991,2 34602 096.5378 344.1876 0008942 252.8729 107.0989 16.49870747272914,2009-013A,34602,6517.817,87.28,145.51,133.854,1
GENERATED VIA SPACETRACK.ORG API,18 SPCS,34602,GOCE,PAYLOAD,U,09013A,2013-11-10 15:47,722559,16.50634289,0.0009221,96.5378,344.2513,252.6113,107.5327,0,999,27292,0.000050035,0.04856435,2.0826E-06,1579112,0 GOCE,1 34602U 09013A   13314.65798290  .04856435  20826-5  50035-4 0  9991,2 34602 096.5378 344.2513 0009221 252.6113 107.5327 16.50634289272922,2009-013A,34602,6515.807,87.239,143.68,131.664,1
GENERATED VIA SPACETRACK.ORG API,18 SPCS,34602,GOCE,PAYLOAD,U,09013A,2013-11-10 17:14,249791,16.51361582,0.0009501,96.5378,344.315,252.3496,107.7713,0,999,27293,0.000046106,0.05007765,2.0861E-06,1579131,0 GOCE,1 34602U 09013A   13314.71857928  .05007765  20861-5  46106-4 0  9990,2 34602 096.5378 344.3150 0009501 252.3496 107.7713 16.51361582272938,2009-013A,34602,6513.894,87.201,141.948,129.57,1
GENERATED VIA SPACETRACK.ORG API,18 SPCS,34602,GOCE,PAYLOAD,U,09013A,2013-11-10 20:09,312640,16.5435909,0.0008531,96.5386,344.4419,253.5962,106.4697,0,999,27295,0.00005174,0.08473301,2.1124E-06,1579156,0 GOCE,1 34602U 09013A   13314.83961010  .08473301  21124-5  51740-4 0  9990,2 34602 096.5386 344.4419 0008531 253.5962 106.4697 16.54359090272952,2009-013A,34602,6506.023,87.043,133.438,122.338,1
GENERATED VIA SPACETRACK.ORG API,18 SPCS,34602,GOCE,PAYLOAD,U,09013A,2013-11-10 20:52,729855,16.55135815,0.0009084,96.5378,344.4733,265.0839,272.831,0,999,27296,0.00021806,0.39733177,2.1222E-06,1579198,0 GOCE,1 34602U 09013A   13314.86947604  .39733177  21222-5  21806-3 0  9998,2 34602 096.5378 344.4733 0009084 265.0839 272.8310 16.55135815272966,2009-013A,34602,6503.987,87.002,131.761,119.944,1
GENERATED VIA SPACETRACK.ORG API,18 SPCS,34602,GOCE,PAYLOAD,U,09013A,2013-11-10 23:03,947904,16.58673376,0.0009826,96.5717,344.5256,296.2811,64.0942,0,999,27297,0.000050412,0.14220718,2.0669E-06,1579301,0 GOCE,1 34602U 09013A   13314.96046236  .14220718  20669-5  50412-4 0  9995,2 34602 096.5717 344.5256 0009826 296.2811 064.0942 16.58673376272979,2009-013A,34602,6494.737,86.816,122.983,110.22,1
